ben_10_2016.txt,ben_10_2005.txt,0.8028684176235268
ben_10_alien_force.txt,ben_10_2005.txt,0.8362859183598077
ben_10_alien_force.txt,ben_10_2016.txt,0.829182849417309
ben_10_main.txt,ben_10_2005.txt,0.7069510312682066
ben_10_main.txt,ben_10_2016.txt,0.7648583271856565
ben_10_main.txt,ben_10_alien_force.txt,0.7007528940596263
ben_10_omniverse.txt,ben_10_2005.txt,0.46870400065022755
ben_10_omniverse.txt,ben_10_2016.txt,0.5507827017865914
ben_10_omniverse.txt,ben_10_alien_force.txt,0.43888997570224036
ben_10_omniverse.txt,ben_10_main.txt,0.4931478691801397
ben_10_ultimate_alien.txt,ben_10_2005.txt,0.7884327703109674
ben_10_ultimate_alien.txt,ben_10_2016.txt,0.820431028807647
ben_10_ultimate_alien.txt,ben_10_alien_force.txt,0.7994540176291574
ben_10_ultimate_alien.txt,ben_10_main.txt,0.7092392357641923
ben_10_ultimate_alien.txt,ben_10_omniverse.txt,0.5100166282771025
